{"st_entropy": 0.9149689896423976, "static_th": 10, "st_std": 26.154877329664306, "cur_state": 2, "in_time": 0, "rep_count": 7.0, "norep_std_th": 13, "history_num": 9, "out_time": 0, "lastsix_ent_th": 1.1, "initflag": false, "cur_entropy": 0.9149689896423976, "inrep_ent_th": 1.1, "norep_ent_th": 1.0, "outfile": "init.json", "winner_stride": 0, "stride_number": 0, "in_frame_num": 50, "global_counter": 7.0, "actions_counter": 1, "frame_rate": 15, "inrep_std_th": 13, "cooldown_in_time": 0, "frame_residue": 3, "cooldown_out_time": 0}
